Feature,Selection Count,Selection %
GM_Dialister_pneumosintes__Peptostreptococcus_stomatis,14,100.0
GM_Fusobacterium_nucleatum__Peptostreptococcus_stomatis,13,92.85714285714286
GM_Dialister_pneumosintes__Fusobacterium_nucleatum,13,92.85714285714286
GM_Anaerococcus_obesiensis__Fusobacterium_nucleatum,13,92.85714285714286
LR_Fusobacterium_nucleatum__Roseburia_intestinalis,13,92.85714285714286
LR_Anaerococcus_obesiensis__Fusobacterium_nucleatum,13,92.85714285714286
GM_Fusobacterium_nucleatum__Roseburia_hominis,13,92.85714285714286
GM_Fusobacterium_nucleatum__GGB38171_SGB72433,13,92.85714285714286
GM_Dialister_pneumosintes__Parvimonas_micra,13,92.85714285714286
LR_Fusobacterium_nucleatum__Megasphaera_micronuciformis,13,92.85714285714286
GM_Fusobacterium_nucleatum__Roseburia_intestinalis,13,92.85714285714286
LR_Fusobacterium_nucleatum__Roseburia_hominis,13,92.85714285714286
GM_Fusobacterium_nucleatum__Megasphaera_micronuciformis,13,92.85714285714286
GM_Fusobacterium_nucleatum__Parvimonas_micra,13,92.85714285714286
LR_Dialister_pneumosintes__Fusobacterium_nucleatum,13,92.85714285714286
GM_Eikenella_corrodens__Fusobacterium_nucleatum,13,92.85714285714286
LR_Fusobacterium_nucleatum__Parvimonas_micra,13,92.85714285714286
GM_Fusobacterium_nucleatum__Morganella_morganii,13,92.85714285714286
GM_Fusobacterium_nucleatum__Gemella_morbillorum,13,92.85714285714286
GM_Fusobacterium_nucleatum__Peptostreptococcus_anaerobius,13,92.85714285714286
GM_Fusobacterium_nucleatum__Porphyromonas_SGB1980,13,92.85714285714286
LR_Anaerococcus_obesiensis__Parvimonas_micra,12,85.71428571428571
GM_Anaerococcus_obesiensis__Peptostreptococcus_stomatis,12,85.71428571428571
LR_Fusobacterium_nucleatum__Peptostreptococcus_stomatis,12,85.71428571428571
LR_Dialister_pneumosintes__Peptostreptococcus_stomatis,12,85.71428571428571
LR_Anaerococcus_obesiensis__Peptostreptococcus_stomatis,12,85.71428571428571
GM_Fusobacterium_nucleatum__Veillonella_parvula,12,85.71428571428571
GM_Anaerococcus_obesiensis__Parvimonas_micra,12,85.71428571428571
LR_Fusobacterium_nucleatum__Lancefieldella_parvula,12,85.71428571428571
LR_Fusobacterium_nucleatum__Streptococcus_salivarius,12,85.71428571428571
LR_Fusobacterium_nucleatum__Phascolarctobacterium_succinatutens,12,85.71428571428571
LR_Fusobacterium_nucleatum__Streptococcus_infantis,12,85.71428571428571
GM_Parvimonas_micra__Peptostreptococcus_stomatis,12,85.71428571428571
LR_Fusobacterium_nucleatum__Streptococcus_sp_A12,12,85.71428571428571
GM_Fusobacterium_nucleatum__Porphyromonas_asaccharolytica,12,85.71428571428571
GM_Escherichia_coli__Fusobacterium_nucleatum,12,85.71428571428571
GM_Fusobacterium_nucleatum__Phascolarctobacterium_succinatutens,12,85.71428571428571
GM_Fusobacterium_nucleatum__Streptococcus_salivarius,12,85.71428571428571
GM_Fusobacterium_nucleatum__Peptostreptococcus_SGB749,12,85.71428571428571
LR_Escherichia_coli__Fusobacterium_nucleatum,12,85.71428571428571
LR_Fusobacterium_nucleatum__Veillonella_parvula,12,85.71428571428571
LR_Clostridium_phoceensis__Fusobacterium_nucleatum,11,78.57142857142857
GM_Faecalibacterium_prausnitzii__Fusobacterium_nucleatum,11,78.57142857142857
LR_Fusobacterium_nucleatum__Hungatella_hathewayi,11,78.57142857142857
LR_Fusobacterium_nucleatum__Haemophilus_parainfluenzae,11,78.57142857142857
GM_Fusobacterium_nucleatum__Streptococcus_gallolyticus,11,78.57142857142857
GM_Fusobacterium_naviforme__Fusobacterium_nucleatum,11,78.57142857142857
GM_Campylobacter_ureolyticus__Fusobacterium_nucleatum,11,78.57142857142857
LR_Fusobacterium_nucleatum__Lachnospiraceae_bacterium,11,78.57142857142857
LR_Clostridia_bacterium__Fusobacterium_nucleatum,11,78.57142857142857
GM_Clostridia_bacterium__Fusobacterium_nucleatum,11,78.57142857142857
LR_Fusobacterium_nucleatum__Haemophilus_sputorum,11,78.57142857142857
LR_Blautia_faecis__Fusobacterium_nucleatum,11,78.57142857142857
LR_Fusobacterium_nucleatum__Veillonella_atypica,11,78.57142857142857
GM_Bilophila_wadsworthia__Fusobacterium_nucleatum,11,78.57142857142857
LR_Fusobacterium_nucleatum__GGB4584_SGB6338,11,78.57142857142857
LR_Adlercreutzia_equolifaciens__Fusobacterium_nucleatum,11,78.57142857142857
LR_Fusobacterium_nucleatum__GGB38171_SGB72433,11,78.57142857142857
GM_Collinsella_aerofaciens__Fusobacterium_nucleatum,11,78.57142857142857
LR_Fusobacterium_nucleatum__Solobacterium_SGB6833,11,78.57142857142857
LR_Bilophila_wadsworthia__Fusobacterium_nucleatum,11,78.57142857142857
GM_Fusobacterium_nucleatum__Phocaeicola_plebeius,11,78.57142857142857
GM_Bacteroides_fragilis__Fusobacterium_nucleatum,11,78.57142857142857
LR_Fusobacterium_nucleatum__Streptococcus_parasanguinis,11,78.57142857142857
GM_Clostridiaceae_bacterium__Fusobacterium_nucleatum,11,78.57142857142857
LR_Bacteroides_fragilis__Fusobacterium_nucleatum,11,78.57142857142857
LR_Fusobacterium_nucleatum__Lachnospira_eligens,11,78.57142857142857
LR_Fusobacterium_nucleatum__GGB4603_SGB6367,11,78.57142857142857
GM_Fusobacterium_nucleatum__Lachnospira_eligens,11,78.57142857142857
GM_Akkermansia_muciniphila__Fusobacterium_nucleatum,11,78.57142857142857
LR_Fusobacterium_nucleatum__Mogibacterium_diversum,11,78.57142857142857
GM_Clostridium_sp_AF34_10BH__Fusobacterium_nucleatum,11,78.57142857142857
LR_Fusobacterium_nucleatum__Roseburia_faecis,11,78.57142857142857
LR_Clostridium_sp_AM33_3__Fusobacterium_nucleatum,11,78.57142857142857
LR_Fusobacterium_nucleatum__GGB4588_SGB6347,11,78.57142857142857
GM_Clostridium_symbiosum__Fusobacterium_nucleatum,11,78.57142857142857
GM_Blautia_wexlerae__Fusobacterium_nucleatum,11,78.57142857142857
GM_Blautia_faecis__Fusobacterium_nucleatum,11,78.57142857142857
LR_Collinsella_aerofaciens__Fusobacterium_nucleatum,11,78.57142857142857
LR_Fusobacterium_nucleatum__Klebsiella_michiganensis,11,78.57142857142857
GM_Fusobacterium_nucleatum__Lactobacillus_crispatus,11,78.57142857142857
GM_Fusobacterium_nucleatum__Methanobrevibacter_smithii,11,78.57142857142857
LR_Candidatus_Saccharibacteria_unclassified_SGB19850__Fusobacterium_nucleatum,11,78.57142857142857
GM_Clostridiales_bacterium__Fusobacterium_nucleatum,11,78.57142857142857
GM_Candidatus_Saccharibacteria_unclassified_SGB19850__Fusobacterium_nucleatum,11,78.57142857142857
GM_Fusobacterium_nucleatum__Hungatella_hathewayi,11,78.57142857142857
LR_Anaerostipes_hadrus__Fusobacterium_nucleatum,11,78.57142857142857
LR_Faecalibacterium_prausnitzii__Fusobacterium_nucleatum,11,78.57142857142857
LR_Clostridiales_bacterium__Fusobacterium_nucleatum,11,78.57142857142857
LR_Allisonella_histaminiformans__Fusobacterium_nucleatum,11,78.57142857142857
LR_Fusobacterium_nucleatum__Ruminococcaceae_bacterium,11,78.57142857142857
GM_Fusobacterium_nucleatum__GGB9642_SGB15119,11,78.57142857142857
LR_Fusicatenibacter_saccharivorans__Fusobacterium_nucleatum,11,78.57142857142857
LR_Clostridium_sp_AF34_10BH__Fusobacterium_nucleatum,11,78.57142857142857
LR_Actinomyces_graevenitzii__Fusobacterium_nucleatum,11,78.57142857142857
GM_Clostridium_phoceensis__Fusobacterium_nucleatum,11,78.57142857142857
GM_Allisonella_histaminiformans__Fusobacterium_nucleatum,11,78.57142857142857
LR_Fusobacterium_nucleatum__Streptococcus_mitis,11,78.57142857142857
LR_Fusobacterium_nucleatum__Lachnospira_SGB5076,11,78.57142857142857
GM_Fusicatenibacter_saccharivorans__Fusobacterium_nucleatum,11,78.57142857142857
GM_Fusobacterium_nucleatum__Roseburia_faecis,11,78.57142857142857
LR_Bacilli_unclassified_SGB6422__Fusobacterium_nucleatum,11,78.57142857142857
LR_Fusobacterium_nucleatum__Streptococcus_sp_263_SSPC,11,78.57142857142857
LR_Fusobacterium_nucleatum__Ruthenibacterium_lactatiformans,11,78.57142857142857
GM_Anaerostipes_hadrus__Fusobacterium_nucleatum,11,78.57142857142857
GM_Fusobacterium_nucleatum__Odoribacter_splanchnicus,11,78.57142857142857
GM_Adlercreutzia_equolifaciens__Fusobacterium_nucleatum,11,78.57142857142857
GM_Fusobacterium_nucleatum__Ruminococcaceae_bacterium,11,78.57142857142857
LR_Fusobacterium_nucleatum__Oribacterium_parvum,11,78.57142857142857
LR_Fusobacterium_nucleatum__Phocaeicola_plebeius,11,78.57142857142857
LR_Fusobacterium_nucleatum__Veillonella_dispar,11,78.57142857142857
LR_Anaerotignum_faecicola__Fusobacterium_nucleatum,11,78.57142857142857
LR_Dialister_pneumosintes__Parvimonas_micra,11,78.57142857142857
GM_Enterococcus_gallinarum__Fusobacterium_nucleatum,11,78.57142857142857
LR_Fusobacterium_nucleatum__GGB3637_SGB4930,11,78.57142857142857
LR_Enterobacter_hormaechei__Fusobacterium_nucleatum,11,78.57142857142857
LR_Clostridium_sp_AF34_13__Fusobacterium_nucleatum,11,78.57142857142857
LR_Abiotrophia_sp_HMSC24B09__Fusobacterium_nucleatum,11,78.57142857142857
LR_Blautia_wexlerae__Fusobacterium_nucleatum,11,78.57142857142857
GM_Fusobacterium_nucleatum__Ruthenibacterium_lactatiformans,11,78.57142857142857
LR_Fusobacterium_nucleatum__Rothia_mucilaginosa,11,78.57142857142857
LR_Clostridiaceae_bacterium__Fusobacterium_nucleatum,11,78.57142857142857
LR_Fusobacterium_nucleatum__Veillonella_rogosae,11,78.57142857142857
GM_Fusobacterium_nucleatum__Lachnospiraceae_bacterium,11,78.57142857142857
GM_Fusobacterium_nucleatum__Streptococcus_sp_A12,11,78.57142857142857
GM_Fusobacterium_nucleatum__Solobacterium_SGB6833,11,78.57142857142857
GM_Fusobacterium_nucleatum__Ruminococcus_torques,11,78.57142857142857
GM_Fusobacterium_nucleatum__Lactobacillus_vaginalis,11,78.57142857142857
LR_Enterococcus_gallinarum__Fusobacterium_nucleatum,11,78.57142857142857
LR_Fusobacterium_nucleatum__Ruminococcus_torques,11,78.57142857142857
LR_Candidatus_Nanosynsacchari_sp_TM7_ANC_38_39_G1_1__Fusobacterium_nucleatum,11,78.57142857142857
GM_Anaerotignum_faecicola__Fusobacterium_nucleatum,11,78.57142857142857
GM_Fusobacterium_nucleatum__GGB3746_SGB5089,11,78.57142857142857
LR_Fusobacterium_nucleatum__GGB3746_SGB5089,11,78.57142857142857
LR_Fusobacterium_nucleatum__Methanobrevibacter_smithii,11,78.57142857142857
GM_Fusobacterium_nucleatum__Granulicatella_adiacens,10,71.42857142857143
LR_Fusobacterium_nucleatum__Lactobacillus_crispatus,10,71.42857142857143
GM_Fusobacterium_nucleatum__Mogibacterium_timidum,10,71.42857142857143
GM_Fusobacterium_nucleatum__Lactobacillus_gasseri,10,71.42857142857143
LR_Actinomyces_sp_S6_Spd3__Fusobacterium_nucleatum,10,71.42857142857143
GM_Alistipes_shahii__Fusobacterium_nucleatum,10,71.42857142857143
LR_Fusobacterium_nucleatum__Lachnospira_sp_NSJ_43,10,71.42857142857143
LR_Clostridium_SGB6179__Fusobacterium_nucleatum,10,71.42857142857143
LR_Bifidobacterium_longum__Fusobacterium_nucleatum,10,71.42857142857143
LR_Fusobacterium_nucleatum__Odoribacter_splanchnicus,10,71.42857142857143
GM_Fusobacterium_nucleatum__Sutterella_wadsworthensis,10,71.42857142857143
LR_Enterococcus_faecalis__Fusobacterium_nucleatum,10,71.42857142857143
LR_Blautia_massiliensis__Fusobacterium_nucleatum,10,71.42857142857143
LR_Fusobacterium_nucleatum__Parasutterella_excrementihominis,10,71.42857142857143
GM_Blautia_massiliensis__Fusobacterium_nucleatum,10,71.42857142857143
GM_Eisenbergiella_tayi__Fusobacterium_nucleatum,10,71.42857142857143
GM_Clostridium_sp_AM33_3__Fusobacterium_nucleatum,10,71.42857142857143
GM_Fusobacterium_nucleatum__Lancefieldella_parvula,10,71.42857142857143
LR_Clostridium_sp_AF32_12BH__Fusobacterium_nucleatum,10,71.42857142857143
GM_Fusobacterium_nucleatum__Streptococcus_parasanguinis,10,71.42857142857143
GM_Dysosmobacter_sp_NSJ_60__Fusobacterium_nucleatum,10,71.42857142857143
LR_Blautia_producta__Fusobacterium_nucleatum,10,71.42857142857143
GM_Alistipes_ihumii__Fusobacterium_nucleatum,10,71.42857142857143
GM_Fusobacterium_nucleatum__GGB2977_SGB3959,10,71.42857142857143
LR_Fusobacterium_nucleatum__Gemella_haemolysans,10,71.42857142857143
LR_Alistipes_onderdonkii__Fusobacterium_nucleatum,10,71.42857142857143
LR_Fusobacterium_nucleatum__GGB2977_SGB3959,10,71.42857142857143
GM_Fusobacterium_nucleatum__Mogibacterium_diversum,10,71.42857142857143
GM_Alistipes_putredinis__Fusobacterium_nucleatum,10,71.42857142857143
LR_Clostridium_symbiosum__Fusobacterium_nucleatum,10,71.42857142857143
LR_Fusobacterium_nucleatum__GGB9642_SGB15119,10,71.42857142857143
GM_Alistipes_onderdonkii__Fusobacterium_nucleatum,10,71.42857142857143
LR_Fusobacterium_nucleatum__Streptococcus_sanguinis,10,71.42857142857143
LR_Butyricicoccus_SGB14985__Fusobacterium_nucleatum,10,71.42857142857143
LR_Fusobacterium_nucleatum__Gemella_morbillorum,10,71.42857142857143
LR_Parvimonas_micra__Peptostreptococcus_stomatis,10,71.42857142857143
GM_Dialister_pneumosintes__Gemella_morbillorum,10,71.42857142857143
GM_Fusobacterium_nucleatum__Streptococcus_mitis,9,64.28571428571429
GM_Bifidobacterium_longum__Fusobacterium_nucleatum,9,64.28571428571429
GM_Anaerobutyricum_hallii__Fusobacterium_nucleatum,9,64.28571428571429
GM_Fusobacterium_nucleatum__Ligilactobacillus_salivarius,9,64.28571428571429
LR_Fusobacterium_nucleatum__Lactobacillus_vaginalis,9,64.28571428571429
LR_Citrobacter_freundii__Fusobacterium_nucleatum,9,64.28571428571429
LR_Alistipes_putredinis__Fusobacterium_nucleatum,9,64.28571428571429
LR_Fusobacterium_nucleatum__Streptococcus_cristatus,9,64.28571428571429
LR_Clostridium_sp_AM49_4BH__Fusobacterium_nucleatum,9,64.28571428571429
GM_Fusobacterium_nucleatum__Haemophilus_parainfluenzae,9,64.28571428571429
LR_Fusobacterium_nucleatum__Trueperella_pyogenes,9,64.28571428571429
LR_Fusobacterium_nucleatum__Streptococcus_gallolyticus,9,64.28571428571429
GM_Fusobacterium_nucleatum__Prevotella_sp_885,9,64.28571428571429
LR_Fusobacterium_nucleatum__Sutterella_wadsworthensis,9,64.28571428571429
GM_Alistipes_finegoldii__Fusobacterium_nucleatum,9,64.28571428571429
GM_Fusobacterium_nucleatum__Oribacterium_parvum,9,64.28571428571429
LR_Alistipes_shahii__Fusobacterium_nucleatum,9,64.28571428571429
GM_Fusobacterium_nucleatum__Veillonella_atypica,9,64.28571428571429
LR_Evtepia_gabavorous__Fusobacterium_nucleatum,9,64.28571428571429
LR_Alistipes_ihumii__Fusobacterium_nucleatum,9,64.28571428571429
LR_Fusobacterium_nucleatum__GGB9595_SGB15019,9,64.28571428571429
LR_Eisenbergiella_tayi__Fusobacterium_nucleatum,9,64.28571428571429
GM_Blautia_producta__Fusobacterium_nucleatum,9,64.28571428571429
GM_Fusobacterium_nucleatum__Streptococcus_sp_263_SSPC,9,64.28571428571429
LR_Fusobacterium_nucleatum__GGB4596_SGB6358,9,64.28571428571429
LR_Bacteroides_uniformis__Fusobacterium_nucleatum,9,64.28571428571429
LR_Fusobacterium_nucleatum__GGB9633_SGB15091,9,64.28571428571429
GM_Butyricimonas_virosa__Fusobacterium_nucleatum,9,64.28571428571429
GM_Faecalicatena_contorta__Fusobacterium_nucleatum,9,64.28571428571429
LR_Butyricimonas_virosa__Fusobacterium_nucleatum,9,64.28571428571429
GM_Enterococcus_faecalis__Fusobacterium_nucleatum,9,64.28571428571429
GM_Bacteroides_uniformis__Fusobacterium_nucleatum,9,64.28571428571429
GM_Fusobacterium_nucleatum__Lachnospira_sp_NSJ_43,8,57.14285714285714
GM_Fusobacterium_nucleatum__Parasutterella_excrementihominis,8,57.14285714285714
LR_Fusobacterium_nucleatum__Phocaeicola_coprocola,8,57.14285714285714
LR_Bacilli_unclassified_SGB6540__Fusobacterium_nucleatum,8,57.14285714285714
GM_Fusobacterium_nucleatum__GGB3293_SGB4348,8,57.14285714285714
GM_Coprococcus_catus__Fusobacterium_nucleatum,8,57.14285714285714
GM_Evtepia_gabavorous__Fusobacterium_nucleatum,8,57.14285714285714
LR_Dysosmobacter_sp_NSJ_60__Fusobacterium_nucleatum,8,57.14285714285714
LR_Fusobacterium_nucleatum__Morganella_morganii,8,57.14285714285714
LR_Clostridia_unclassified_SGB4121__Fusobacterium_nucleatum,8,57.14285714285714
GM_Alistipes_indistinctus__Fusobacterium_nucleatum,8,57.14285714285714
LR_Anaerobutyricum_hallii__Fusobacterium_nucleatum,8,57.14285714285714
LR_Fusobacterium_nucleatum__Lachnospiraceae_bacterium_BX3,8,57.14285714285714
GM_Fusobacterium_nucleatum__Rothia_mucilaginosa,8,57.14285714285714
LR_Bacteroides_caccae__Fusobacterium_nucleatum,8,57.14285714285714
LR_Eubacterium_rectale__Fusobacterium_nucleatum,8,57.14285714285714
GM_Desulfovibrionaceae_bacterium__Fusobacterium_nucleatum,8,57.14285714285714
GM_Eubacterium_rectale__Fusobacterium_nucleatum,8,57.14285714285714
LR_Fusobacterium_nucleatum__Limosilactobacillus_fermentum,8,57.14285714285714
LR_Faecalicatena_contorta__Fusobacterium_nucleatum,8,57.14285714285714
LR_Clostridia_unclassified_SGB4367__Fusobacterium_nucleatum,8,57.14285714285714
GM_Clostridium_sp_AM49_4BH__Fusobacterium_nucleatum,8,57.14285714285714
GM_Clostridia_unclassified_SGB4367__Fusobacterium_nucleatum,8,57.14285714285714
LR_Akkermansia_muciniphila__Fusobacterium_nucleatum,8,57.14285714285714
LR_Fusobacterium_nucleatum__GGB3293_SGB4348,8,57.14285714285714
LR_Fusobacterium_nucleatum__Mediterraneibacter_sp_gm002,8,57.14285714285714
LR_Fusobacterium_nucleatum__Lactobacillus_gasseri,8,57.14285714285714
GM_Fusobacterium_nucleatum__Streptococcus_sanguinis,8,57.14285714285714
GM_Fusobacterium_nucleatum__Intestinimonas_butyriciproducens,8,57.14285714285714
GM_Candidatus_Nanosynsacchari_sp_TM7_ANC_38_39_G1_1__Fusobacterium_nucleatum,8,57.14285714285714
LR_Dialister_pneumosintes__Gemella_morbillorum,8,57.14285714285714
LR_Coprococcus_catus__Fusobacterium_nucleatum,7,50.0
LR_Fusobacterium_nucleatum__Scardovia_wiggsiae,7,50.0
GM_Fusobacterium_nucleatum__Veillonella_rogosae,7,50.0
LR_Dorea_formicigenerans__Fusobacterium_nucleatum,7,50.0
GM_Fusobacterium_nucleatum__Fusobacterium_varium,7,50.0
LR_Fusobacterium_nucleatum__Ruminococcus_bicirculans,7,50.0
GM_Barnesiella_intestinihominis__Fusobacterium_nucleatum,7,50.0
GM_Anaerotruncus_colihominis__Fusobacterium_nucleatum,7,50.0
GM_Fusobacterium_nucleatum__Phocaeicola_coprocola,7,50.0
GM_Actinomyces_graevenitzii__Fusobacterium_nucleatum,7,50.0
LR_Fusobacterium_nucleatum__Lachnospira_pectinoschiza,7,50.0
GM_Anaerococcus_obesiensis__Dialister_pneumosintes,7,50.0
LR_Bacteroides_clarus__Fusobacterium_nucleatum,7,50.0
LR_Fusobacterium_nucleatum__Isoptericola_variabilis,7,50.0
LR_Clostridia_bacterium_UC5_1_1D1__Fusobacterium_nucleatum,7,50.0
GM_Christensenellaceae_bacterium__Fusobacterium_nucleatum,7,50.0
GM_Bacteroides_caccae__Fusobacterium_nucleatum,7,50.0
LR_Alistipes_communis__Fusobacterium_nucleatum,7,50.0
LR_Fusobacterium_nucleatum__GGB9615_SGB15052,7,50.0
LR_Fusobacterium_nucleatum__GGB9699_SGB15216,7,50.0
LR_Anaerococcus_obesiensis__Dialister_pneumosintes,7,50.0
GM_Fusobacterium_nucleatum__Streptococcus_lutetiensis,7,50.0
LR_Fusobacterium_nucleatum__GGB9568_SGB14980,7,50.0
GM_Clostridia_bacterium_UC5_1_1D1__Fusobacterium_nucleatum,7,50.0
GM_Fusobacterium_nucleatum__Veillonella_dispar,7,50.0
LR_Fusobacterium_nucleatum__Phascolarctobacterium_faecium,6,42.857142857142854
LR_Fusobacterium_nucleatum__Romboutsia_timonensis,6,42.857142857142854
GM_Fusobacterium_nucleatum__Romboutsia_timonensis,6,42.857142857142854
GM_Faecalibacterium_SGB15346__Fusobacterium_nucleatum,6,42.857142857142854
LR_Agathobaculum_butyriciproducens__Fusobacterium_nucleatum,6,42.857142857142854
GM_Clostridia_unclassified_SGB4121__Fusobacterium_nucleatum,6,42.857142857142854
GM_Clostridiales_bacterium_KLE1615__Fusobacterium_nucleatum,6,42.857142857142854
LR_Faecalibacterium_SGB15346__Fusobacterium_nucleatum,6,42.857142857142854
LR_Fusobacterium_nucleatum__GGB9615_SGB15051,6,42.857142857142854
GM_Dorea_formicigenerans__Fusobacterium_nucleatum,6,42.857142857142854
GM_Christensenella_minuta__Fusobacterium_nucleatum,6,42.857142857142854
GM_Fusobacterium_nucleatum__Streptococcus_infantis,6,42.857142857142854
LR_Barnesiella_intestinihominis__Fusobacterium_nucleatum,6,42.857142857142854
LR_Fusobacterium_nucleatum__Phocaeicola_vulgatus,6,42.857142857142854
LR_Fusobacterium_nucleatum__Parabacteroides_distasonis,6,42.857142857142854
GM_Fusobacterium_nucleatum__Phascolarctobacterium_faecium,6,42.857142857142854
GM_Fusobacterium_nucleatum__Phocaeicola_vulgatus,6,42.857142857142854
GM_Enterocloster_clostridioformis__Fusobacterium_nucleatum,6,42.857142857142854
GM_Fusobacterium_nucleatum__Trueperella_pyogenes,6,42.857142857142854
GM_Dorea_sp_AF36_15AT__Fusobacterium_nucleatum,6,42.857142857142854
GM_Fusobacterium_nucleatum__Lachnospira_pectinoschiza,6,42.857142857142854
LR_Fusobacterium_nucleatum__Rothia_dentocariosa,6,42.857142857142854
LR_Fusobacterium_nucleatum__Ruminococcus_sp_JE7A12,6,42.857142857142854
GM_Fusobacterium_nucleatum__GGB9699_SGB15216,6,42.857142857142854
GM_Alistipes_communis__Fusobacterium_nucleatum,6,42.857142857142854
GM_Fusobacterium_nucleatum__Parabacteroides_distasonis,6,42.857142857142854
GM_Agathobaculum_butyriciproducens__Fusobacterium_nucleatum,6,42.857142857142854
LR_Christensenellaceae_bacterium__Fusobacterium_nucleatum,6,42.857142857142854
LR_Desulfovibrionaceae_bacterium__Fusobacterium_nucleatum,6,42.857142857142854
GM_Bacteroides_eggerthii__Fusobacterium_nucleatum,5,35.714285714285715
LR_Candidatus_Neochristensenella_gallicola__Fusobacterium_nucleatum,5,35.714285714285715
LR_Clostridium_leptum__Fusobacterium_nucleatum,5,35.714285714285715
GM_Clostridium_leptum__Fusobacterium_nucleatum,5,35.714285714285715
LR_Bacteroides_eggerthii__Fusobacterium_nucleatum,5,35.714285714285715
LR_Bifidobacterium_breve__Fusobacterium_nucleatum,5,35.714285714285715
LR_Dorea_sp_AF36_15AT__Fusobacterium_nucleatum,5,35.714285714285715
LR_Fusobacterium_nucleatum__Ligilactobacillus_salivarius,5,35.714285714285715
GM_Desulfovibrio_piger__Fusobacterium_nucleatum,5,35.714285714285715
LR_Eubacterium_ramulus__Fusobacterium_nucleatum,5,35.714285714285715
LR_Fusobacterium_nucleatum__GGB9593_SGB15015,5,35.714285714285715
LR_Fusobacterium_nucleatum__Lachnospiraceae_unclassified_SGB4882,5,35.714285714285715
LR_Fusobacterium_nucleatum__Roseburia_inulinivorans,5,35.714285714285715
LR_Bacteroides_ovatus__Fusobacterium_nucleatum,5,35.714285714285715
LR_Clostridiales_bacterium_KLE1615__Fusobacterium_nucleatum,5,35.714285714285715
LR_Alistipes_finegoldii__Fusobacterium_nucleatum,5,35.714285714285715
LR_Fusobacterium_nucleatum__Lacrimispora_amygdalina,5,35.714285714285715
GM_Fusobacterium_nucleatum__GGB9633_SGB15091,5,35.714285714285715
GM_Fusobacterium_nucleatum__Opitutales_bacterium,5,35.714285714285715
GM_Eubacterium_ramulus__Fusobacterium_nucleatum,5,35.714285714285715
GM_Fusobacterium_nucleatum__Lacrimispora_amygdalina,5,35.714285714285715
LR_Actinomyces_sp_ICM47__Fusobacterium_nucleatum,5,35.714285714285715
LR_Fusobacterium_nucleatum__Intestinimonas_butyriciproducens,5,35.714285714285715
LR_Fusobacterium_nucleatum__Lentisphaeria_bacterium,5,35.714285714285715
LR_Fusobacterium_nucleatum__GGB49418_SGB69331,5,35.714285714285715
GM_Bacteroides_ovatus__Fusobacterium_nucleatum,5,35.714285714285715
LR_Faecalimonas_umbilicata__Fusobacterium_nucleatum,5,35.714285714285715
GM_Bacteroides_clarus__Fusobacterium_nucleatum,5,35.714285714285715
LR_Fusobacterium_nucleatum__Phocaeicola_dorei,5,35.714285714285715
GM_Fusobacterium_nucleatum__Phocaeicola_dorei,5,35.714285714285715
GM_Fusobacterium_nucleatum__Roseburia_inulinivorans,5,35.714285714285715
LR_Fusobacterium_nucleatum__Intestinimonas_gabonensis,5,35.714285714285715
LR_Christensenella_minuta__Fusobacterium_nucleatum,5,35.714285714285715
LR_Dysosmobacter_welbionis__Fusobacterium_nucleatum,5,35.714285714285715
LR_Fusobacterium_nucleatum__GGB3486_SGB4658,5,35.714285714285715
GM_Dysosmobacter_welbionis__Fusobacterium_nucleatum,5,35.714285714285715
LR_Anaerotruncus_colihominis__Fusobacterium_nucleatum,5,35.714285714285715
GM_Fusobacterium_nucleatum__Isoptericola_variabilis,4,28.57142857142857
GM_Clostridium_scindens__Fusobacterium_nucleatum,4,28.57142857142857
LR_Fusobacterium_nucleatum__Lachnospiraceae_bacterium_OF09_6,4,28.57142857142857
LR_Faecalicatena_fissicatena__Fusobacterium_nucleatum,4,28.57142857142857
LR_Parvimonas_micra__Solobacterium_SGB6833,4,28.57142857142857
GM_Fusobacterium_nucleatum__GGB9634_SGB15095,4,28.57142857142857
LR_Coprococcus_comes__Fusobacterium_nucleatum,4,28.57142857142857
GM_Parvimonas_micra__Roseburia_intestinalis,4,28.57142857142857
LR_Fusobacterium_nucleatum__Oscillibacter_sp_ER4,4,28.57142857142857
LR_Fusobacterium_nucleatum__Ruminococcus_gnavus,4,28.57142857142857
LR_Parvimonas_micra__Streptococcus_infantis,4,28.57142857142857
LR_Parvimonas_micra__Roseburia_intestinalis,4,28.57142857142857
LR_Fusobacterium_nucleatum__Oxalobacter_formigenes,4,28.57142857142857
LR_Clostridia_unclassified_SGB14196__Fusobacterium_nucleatum,4,28.57142857142857
GM_Campylobacter_ureolyticus__Parvimonas_micra,4,28.57142857142857
GM_Parvimonas_micra__Peptostreptococcus_anaerobius,4,28.57142857142857
LR_Fusobacterium_nucleatum__GGB9778_SGB15398,4,28.57142857142857
LR_Candidatus_Cibiobacter_qucibialis__Fusobacterium_nucleatum,4,28.57142857142857
LR_Bacteroides_stercoris__Fusobacterium_nucleatum,4,28.57142857142857
GM_Fusobacterium_nucleatum__Megasphaera_elsdenii,4,28.57142857142857
GM_Fusobacterium_nucleatum__GGB9778_SGB15398,4,28.57142857142857
LR_Enterococcus_faecium__Fusobacterium_nucleatum,4,28.57142857142857
GM_Fusobacterium_nucleatum__Olsenella_sp_GAM18,4,28.57142857142857
GM_Clostridium_sp_AF34_13__Fusobacterium_nucleatum,4,28.57142857142857
GM_Fusobacterium_nucleatum__Ruminococcus_gnavus,4,28.57142857142857
GM_Dorea_longicatena__Fusobacterium_nucleatum,4,28.57142857142857
GM_Eikenella_corrodens__Parvimonas_micra,4,28.57142857142857
GM_Fusobacterium_nucleatum__Lentisphaeria_bacterium,4,28.57142857142857
LR_Alistipes_indistinctus__Fusobacterium_nucleatum,4,28.57142857142857
GM_Gemella_morbillorum__Parvimonas_micra,4,28.57142857142857
GM_Bacteroides_stercoris__Fusobacterium_nucleatum,4,28.57142857142857
GM_Bacteroides_salyersiae__Fusobacterium_nucleatum,4,28.57142857142857
LR_Dorea_longicatena__Fusobacterium_nucleatum,4,28.57142857142857
GM_Fusobacterium_nucleatum__Ruminococcus_bicirculans,4,28.57142857142857
LR_Enterocloster_clostridioformis__Fusobacterium_nucleatum,4,28.57142857142857
GM_Anaerostipes_hadrus__Parvimonas_micra,3,21.428571428571427
LR_Megasphaera_micronuciformis__Parvimonas_micra,3,21.428571428571427
LR_Anaerostipes_hadrus__Parvimonas_micra,3,21.428571428571427
GM_Parvimonas_micra__Sutterella_wadsworthensis,3,21.428571428571427
GM_Candidatus_Saccharibacteria_unclassified_SGB19850__Parvimonas_micra,3,21.428571428571427
GM_Clostridiaceae_bacterium__Parvimonas_micra,3,21.428571428571427
LR_GGB3746_SGB5089__Parvimonas_micra,3,21.428571428571427
GM_Alistipes_onderdonkii__Parvimonas_micra,3,21.428571428571427
LR_Parvimonas_micra__Streptococcus_cristatus,3,21.428571428571427
LR_Lancefieldella_parvula__Parvimonas_micra,3,21.428571428571427
GM_Blautia_faecis__Parvimonas_micra,3,21.428571428571427
GM_Parvimonas_micra__Peptostreptococcus_SGB749,3,21.428571428571427
LR_Escherichia_coli__Parvimonas_micra,3,21.428571428571427
GM_Parvimonas_micra__Phascolarctobacterium_succinatutens,3,21.428571428571427
GM_Allisonella_histaminiformans__Parvimonas_micra,3,21.428571428571427
LR_Enterocloster_bolteae__Fusobacterium_nucleatum,3,21.428571428571427
LR_Candidatus_Parachristensenella_avicola__Fusobacterium_nucleatum,3,21.428571428571427
LR_Anaerococcus_obesiensis__Gemella_morbillorum,3,21.428571428571427
LR_Parvimonas_micra__Roseburia_faecis,3,21.428571428571427
GM_Adlercreutzia_equolifaciens__Parvimonas_micra,3,21.428571428571427
GM_Odoribacter_splanchnicus__Parvimonas_micra,3,21.428571428571427
GM_Clostridium_sp_AF34_10BH__Parvimonas_micra,3,21.428571428571427
LR_Parvimonas_micra__Streptococcus_parasanguinis,3,21.428571428571427
LR_Eubacterium_rectale__Parvimonas_micra,3,21.428571428571427
GM_Firmicutes_bacterium_AF16_15__Fusobacterium_nucleatum,3,21.428571428571427
LR_Alistipes_putredinis__Parvimonas_micra,3,21.428571428571427
LR_Bacteroides_fragilis__Parvimonas_micra,3,21.428571428571427
GM_Megasphaera_micronuciformis__Parvimonas_micra,3,21.428571428571427
LR_Fusicatenibacter_saccharivorans__Parvimonas_micra,3,21.428571428571427
LR_Bilophila_wadsworthia__Parvimonas_micra,3,21.428571428571427
GM_Clostridium_sp_AM22_11AC__Fusobacterium_nucleatum,3,21.428571428571427
LR_Bacteroides_nordii__Fusobacterium_nucleatum,3,21.428571428571427
LR_Fusobacterium_nucleatum__Streptococcus_lutetiensis,3,21.428571428571427
GM_Blautia_wexlerae__Parvimonas_micra,3,21.428571428571427
LR_Fusobacterium_nucleatum__Paraprevotella_clara,3,21.428571428571427
LR_Fusobacterium_nucleatum__Klebsiella_pneumoniae,3,21.428571428571427
LR_Desulfovibrio_piger__Fusobacterium_nucleatum,3,21.428571428571427
GM_Fusobacterium_nucleatum__GGB1266_SGB1699,3,21.428571428571427
GM_Blautia_obeum__Fusobacterium_nucleatum,3,21.428571428571427
LR_Parvimonas_micra__Rothia_mucilaginosa,3,21.428571428571427
LR_Actinomyces_sp_S6_Spd3__Parvimonas_micra,3,21.428571428571427
LR_Blautia_obeum__Fusobacterium_nucleatum,3,21.428571428571427
LR_Gemella_haemolysans__Parvimonas_micra,3,21.428571428571427
GM_Bacteroides_fragilis__Parvimonas_micra,3,21.428571428571427
GM_Alistipes_putredinis__Parvimonas_micra,3,21.428571428571427
GM_GGB3746_SGB5089__Parvimonas_micra,3,21.428571428571427
GM_Parvimonas_micra__Ruminococcaceae_bacterium,3,21.428571428571427
GM_Erysipelotrichaceae_bacterium__Fusobacterium_nucleatum,3,21.428571428571427
LR_Anaerobutyricum_hallii__Parvimonas_micra,3,21.428571428571427
LR_Parasutterella_excrementihominis__Parvimonas_micra,3,21.428571428571427
LR_Clostridium_sp_AF20_17LB__Fusobacterium_nucleatum,3,21.428571428571427
LR_Bifidobacterium_pseudocatenulatum__Fusobacterium_nucleatum,3,21.428571428571427
LR_Campylobacter_ureolyticus__Fusobacterium_nucleatum,3,21.428571428571427
LR_Parvimonas_micra__Sutterella_wadsworthensis,3,21.428571428571427
LR_Clostridium_symbiosum__Parvimonas_micra,3,21.428571428571427
LR_Eikenella_corrodens__Fusobacterium_nucleatum,3,21.428571428571427
GM_Anaerotignum_faecicola__Parvimonas_micra,3,21.428571428571427
LR_Parvimonas_micra__Streptococcus_sp_263_SSPC,3,21.428571428571427
LR_Fusobacterium_nucleatum__Peptostreptococcus_anaerobius,3,21.428571428571427
LR_Anaerotignum_faecicola__Parvimonas_micra,3,21.428571428571427
LR_Parvimonas_micra__Veillonella_parvula,3,21.428571428571427
GM_Lactobacillus_crispatus__Parvimonas_micra,3,21.428571428571427
LR_Lachnospira_sp_NSJ_43__Parvimonas_micra,3,21.428571428571427
GM_Parvimonas_micra__Streptococcus_parasanguinis,3,21.428571428571427
GM_Fusobacterium_nucleatum__Limosilactobacillus_fermentum,3,21.428571428571427
LR_Dorea_sp_AF24_7LB__Fusobacterium_nucleatum,3,21.428571428571427
GM_Enterocloster_citroniae__Fusobacterium_nucleatum,3,21.428571428571427
GM_Parvimonas_micra__Roseburia_hominis,3,21.428571428571427
GM_Fusobacterium_mortiferum__Fusobacterium_nucleatum,3,21.428571428571427
LR_Fusobacterium_nucleatum__Prevotella_copri_clade_B,3,21.428571428571427
GM_Lactobacillus_vaginalis__Parvimonas_micra,3,21.428571428571427
LR_Blautia_faecicola__Fusobacterium_nucleatum,3,21.428571428571427
LR_Blautia_faecis__Parvimonas_micra,3,21.428571428571427
LR_Blautia_wexlerae__Parvimonas_micra,3,21.428571428571427
GM_Bilophila_wadsworthia__Parvimonas_micra,3,21.428571428571427
LR_Faecalibacterium_prausnitzii__Parvimonas_micra,3,21.428571428571427
LR_Actinomyces_sp_ICM47__Parvimonas_micra,3,21.428571428571427
LR_Parvimonas_micra__Streptococcus_mitis,3,21.428571428571427
LR_Parvimonas_micra__Phascolarctobacterium_succinatutens,3,21.428571428571427
GM_Escherichia_coli__Parvimonas_micra,3,21.428571428571427
GM_Dialister_pneumosintes__Peptostreptococcus_anaerobius,3,21.428571428571427
GM_Parvimonas_micra__Streptococcus_gallolyticus,3,21.428571428571427
LR_Adlercreutzia_equolifaciens__Parvimonas_micra,3,21.428571428571427
LR_Candidatus_Nanosynsacchari_sp_TM7_ANC_38_39_G1_1__Parvimonas_micra,3,21.428571428571427
LR_Parvimonas_micra__Roseburia_hominis,3,21.428571428571427
LR_Parvimonas_micra__Ruminococcus_gnavus,3,21.428571428571427
GM_Parvimonas_micra__Roseburia_faecis,3,21.428571428571427
LR_Alistipes_onderdonkii__Parvimonas_micra,3,21.428571428571427
LR_Allisonella_histaminiformans__Parvimonas_micra,3,21.428571428571427
LR_Clostridia_bacterium__Parvimonas_micra,3,21.428571428571427
GM_Enterocloster_bolteae__Fusobacterium_nucleatum,3,21.428571428571427
GM_Parvimonas_micra__Porphyromonas_SGB1980,3,21.428571428571427
GM_Dialister_pneumosintes__Roseburia_hominis,3,21.428571428571427
GM_Fusobacterium_nucleatum__Oscillibacter_sp_ER4,3,21.428571428571427
GM_Bacteroides_nordii__Fusobacterium_nucleatum,3,21.428571428571427
LR_Clostridium_sp_AF34_10BH__Parvimonas_micra,3,21.428571428571427
GM_Faecalibacterium_prausnitzii__Parvimonas_micra,3,21.428571428571427
GM_Clostridia_bacterium__Parvimonas_micra,3,21.428571428571427
LR_Parvimonas_micra__Streptococcus_sp_A12,3,21.428571428571427
LR_Parvimonas_micra__Streptococcus_salivarius,3,21.428571428571427
LR_Parvimonas_micra__Streptococcus_sanguinis,3,21.428571428571427
LR_Clostridiaceae_bacterium__Parvimonas_micra,3,21.428571428571427
LR_Parvimonas_micra__Trueperella_pyogenes,3,21.428571428571427
GM_Hungatella_hathewayi__Parvimonas_micra,3,21.428571428571427
GM_Morganella_morganii__Parvimonas_micra,3,21.428571428571427
LR_Mogibacterium_diversum__Parvimonas_micra,3,21.428571428571427
LR_Fusobacterium_nucleatum__Prevotella_sp_885,3,21.428571428571427
GM_Parvimonas_micra__Porphyromonas_asaccharolytica,3,21.428571428571427
GM_Coprococcus_comes__Fusobacterium_nucleatum,3,21.428571428571427
LR_Firmicutes_bacterium_AF16_15__Fusobacterium_nucleatum,3,21.428571428571427
GM_Lactobacillus_gasseri__Parvimonas_micra,3,21.428571428571427
LR_Candidatus_Saccharibacteria_unclassified_SGB19850__Parvimonas_micra,3,21.428571428571427
GM_Parvimonas_micra__Streptococcus_salivarius,3,21.428571428571427
LR_Enterocloster_citroniae__Fusobacterium_nucleatum,3,21.428571428571427
GM_Parvimonas_micra__Solobacterium_SGB6833,3,21.428571428571427
GM_Clostridium_symbiosum__Parvimonas_micra,3,21.428571428571427
LR_Isoptericola_variabilis__Parvimonas_micra,3,21.428571428571427
GM_Fusicatenibacter_saccharivorans__Parvimonas_micra,3,21.428571428571427
LR_Parvimonas_micra__Ruminococcaceae_bacterium,3,21.428571428571427
GM_Fusobacterium_naviforme__Parvimonas_micra,3,21.428571428571427
LR_Clostridium_sp_AM33_3__Parvimonas_micra,3,21.428571428571427
LR_Bilophila_SGB15450__Fusobacterium_nucleatum,3,21.428571428571427
LR_Lachnospiraceae_bacterium_BX3__Parvimonas_micra,3,21.428571428571427
GM_Candidatus_Cibiobacter_qucibialis__Fusobacterium_nucleatum,3,21.428571428571427
LR_Clostridium_sp_AM22_11AC__Fusobacterium_nucleatum,3,21.428571428571427
GM_Parvimonas_micra__Veillonella_parvula,3,21.428571428571427
LR_Odoribacter_splanchnicus__Parvimonas_micra,3,21.428571428571427
LR_Dialister_pneumosintes__Roseburia_hominis,3,21.428571428571427
GM_Dialister_pneumosintes__Eikenella_corrodens,3,21.428571428571427
GM_Anaerococcus_obesiensis__Gemella_morbillorum,3,21.428571428571427
LR_Parvimonas_micra__Ruminococcus_sp_JE7A12,2,14.285714285714285
LR_Parvimonas_micra__Phocaeicola_plebeius,2,14.285714285714285
LR_Evtepia_gabavorous__Parvimonas_micra,2,14.285714285714285
LR_Bacteroides_caccae__Parvimonas_micra,2,14.285714285714285
LR_Hungatella_hathewayi__Parvimonas_micra,2,14.285714285714285
LR_Faecalibacterium_SGB15346__Parvimonas_micra,2,14.285714285714285
GM_Bacteroides_caccae__Parvimonas_micra,2,14.285714285714285
GM_Actinomyces_bouchesdurhonensis__Fusobacterium_nucleatum,2,14.285714285714285
LR_Enterocloster_aldensis__Fusobacterium_nucleatum,2,14.285714285714285
LR_Fusobacterium_nucleatum__GGB3463_SGB4621,2,14.285714285714285
LR_Fusobacterium_nucleatum__Senegalimassilia_anaerobia,2,14.285714285714285
GM_Fusobacterium_nucleatum__Senegalimassilia_anaerobia,2,14.285714285714285
LR_Peptostreptococcus_stomatis__Streptococcus_sp_263_SSPC,2,14.285714285714285
GM_Eikenella_corrodens__Peptostreptococcus_stomatis,2,14.285714285714285
LR_Peptostreptococcus_stomatis__Streptococcus_infantis,2,14.285714285714285
GM_Peptostreptococcus_SGB749__Peptostreptococcus_stomatis,2,14.285714285714285
LR_Mogibacterium_diversum__Peptostreptococcus_stomatis,2,14.285714285714285
LR_Abiotrophia_sp_HMSC24B09__Parvimonas_micra,2,14.285714285714285
GM_Fusobacterium_nucleatum__Intestinimonas_massiliensis,2,14.285714285714285
GM_Fusobacterium_nucleatum__Rikenellaceae_unclassified_SGB2227,2,14.285714285714285
GM_Peptostreptococcus_anaerobius__Peptostreptococcus_stomatis,2,14.285714285714285
GM_Gemella_morbillorum__Peptostreptococcus_stomatis,2,14.285714285714285
LR_Fusobacterium_nucleatum__Roseburia_sp_AF02_12,2,14.285714285714285
GM_Collinsella_aerofaciens__Peptostreptococcus_stomatis,2,14.285714285714285
LR_Peptostreptococcus_stomatis__Streptococcus_sp_A12,2,14.285714285714285
LR_Peptostreptococcus_stomatis__Roseburia_hominis,2,14.285714285714285
LR_Peptostreptococcus_stomatis__Roseburia_intestinalis,2,14.285714285714285
GM_Morganella_morganii__Peptostreptococcus_stomatis,2,14.285714285714285
LR_Abiotrophia_sp_HMSC24B09__Peptostreptococcus_stomatis,2,14.285714285714285
LR_Peptostreptococcus_stomatis__Streptococcus_mitis,2,14.285714285714285
LR_Fusobacterium_nucleatum__Prevotella_bivia,2,14.285714285714285
LR_Fusobacterium_nucleatum__Streptococcus_anginosus,2,14.285714285714285
LR_Parvimonas_micra__Romboutsia_timonensis,2,14.285714285714285
GM_Fusobacterium_nucleatum__Slackia_isoflavoniconvertens,2,14.285714285714285
LR_Lachnospira_eligens__Parvimonas_micra,2,14.285714285714285
GM_Lachnospiraceae_bacterium__Parvimonas_micra,2,14.285714285714285
LR_Dialister_pneumosintes__Roseburia_intestinalis,2,14.285714285714285
LR_Clostridium_SGB6179__Parvimonas_micra,2,14.285714285714285
GM_Bacteroidaceae_bacterium__Fusobacterium_nucleatum,2,14.285714285714285
LR_Catabacter_hongkongensis__Fusobacterium_nucleatum,2,14.285714285714285
LR_Clostridium_fessum__Fusobacterium_nucleatum,2,14.285714285714285
GM_Peptostreptococcus_stomatis__Roseburia_hominis,2,14.285714285714285
GM_Alistipes_putredinis__Peptostreptococcus_stomatis,2,14.285714285714285
GM_Escherichia_coli__Peptostreptococcus_stomatis,2,14.285714285714285
LR_Peptostreptococcus_stomatis__Streptococcus_sanguinis,2,14.285714285714285
LR_Parvimonas_micra__Streptococcus_lutetiensis,2,14.285714285714285
GM_Peptostreptococcus_stomatis__Porphyromonas_SGB1980,2,14.285714285714285
LR_Clostridiaceae_bacterium__Peptostreptococcus_stomatis,2,14.285714285714285
GM_Anaerotignum_faecicola__Peptostreptococcus_stomatis,2,14.285714285714285
GM_Methanobrevibacter_smithii__Peptostreptococcus_stomatis,2,14.285714285714285
LR_Fusobacterium_nucleatum__Mitsuokella_multacida,2,14.285714285714285
LR_Parvimonas_micra__Phocaeicola_vulgatus,2,14.285714285714285
GM_Enterocloster_aldensis__Fusobacterium_nucleatum,2,14.285714285714285
GM_Bacteroides_cellulosilyticus__Fusobacterium_nucleatum,2,14.285714285714285
LR_Bifidobacterium_breve__Parvimonas_micra,2,14.285714285714285
GM_Lancefieldella_parvula__Parvimonas_micra,2,14.285714285714285
LR_Peptostreptococcus_SGB749__Peptostreptococcus_stomatis,2,14.285714285714285
GM_Peptostreptococcus_stomatis__Porphyromonas_asaccharolytica,2,14.285714285714285
LR_Methanobrevibacter_smithii__Peptostreptococcus_stomatis,2,14.285714285714285
LR_Candidatus_Saccharibacteria_unclassified_SGB19850__Peptostreptococcus_stomatis,2,14.285714285714285
GM_Collinsella_aerofaciens__Dialister_pneumosintes,2,14.285714285714285
GM_Enterococcus_gallinarum__Parvimonas_micra,2,14.285714285714285
GM_GGB2977_SGB3959__Parvimonas_micra,2,14.285714285714285
LR_Anaerotignum_faecicola__Peptostreptococcus_stomatis,2,14.285714285714285
LR_Lancefieldella_parvula__Peptostreptococcus_stomatis,2,14.285714285714285
GM_Campylobacter_ureolyticus__Peptostreptococcus_stomatis,2,14.285714285714285
GM_Collinsella_aerofaciens__Parvimonas_micra,2,14.285714285714285
GM_Clostridium_fessum__Fusobacterium_nucleatum,2,14.285714285714285
LR_Fusobacterium_nucleatum__Granulicatella_adiacens,2,14.285714285714285
LR_Haemophilus_parainfluenzae__Parvimonas_micra,2,14.285714285714285
LR_Bacteroides_cellulosilyticus__Fusobacterium_nucleatum,2,14.285714285714285
LR_Adlercreutzia_equolifaciens__Peptostreptococcus_stomatis,2,14.285714285714285
GM_Peptostreptococcus_stomatis__Phascolarctobacterium_succinatutens,2,14.285714285714285
GM_Peptostreptococcus_stomatis__Roseburia_intestinalis,2,14.285714285714285
LR_Allisonella_histaminiformans__Peptostreptococcus_stomatis,2,14.285714285714285
LR_Intestinibacter_bartlettii__Parvimonas_micra,2,14.285714285714285
GM_Fusobacterium_varium__Parvimonas_micra,2,14.285714285714285
GM_Parvimonas_micra__Phocaeicola_vulgatus,2,14.285714285714285
GM_Dialister_pneumosintes__Roseburia_intestinalis,2,14.285714285714285
GM_GGB9642_SGB15119__Parvimonas_micra,2,14.285714285714285
GM_Faecalicatena_fissicatena__Fusobacterium_nucleatum,2,14.285714285714285
LR_Dialister_hominis__Fusobacterium_nucleatum,2,14.285714285714285
LR_Fusobacterium_nucleatum__GGB9646_SGB15123,2,14.285714285714285
LR_Blautia_producta__Parvimonas_micra,2,14.285714285714285
GM_Lachnospira_eligens__Parvimonas_micra,2,14.285714285714285
GM_Clostridiaceae_bacterium__Peptostreptococcus_stomatis,2,14.285714285714285
LR_Peptostreptococcus_stomatis__Solobacterium_SGB6833,2,14.285714285714285
LR_Gemella_haemolysans__Peptostreptococcus_stomatis,2,14.285714285714285
LR_Escherichia_coli__Peptostreptococcus_stomatis,2,14.285714285714285
GM_Allisonella_histaminiformans__Peptostreptococcus_stomatis,2,14.285714285714285
LR_Peptostreptococcus_stomatis__Phascolarctobacterium_succinatutens,2,14.285714285714285
GM_Limosilactobacillus_reuteri__Parvimonas_micra,2,14.285714285714285
LR_GGB9642_SGB15119__Parvimonas_micra,2,14.285714285714285
LR_Parvimonas_micra__Veillonella_rogosae,2,14.285714285714285
GM_Ligilactobacillus_salivarius__Parvimonas_micra,2,14.285714285714285
LR_Collinsella_aerofaciens__Parvimonas_micra,2,14.285714285714285
GM_Actinomyces_sp_ICM47__Fusobacterium_nucleatum,2,14.285714285714285
GM_Intestinibacter_bartlettii__Parvimonas_micra,2,14.285714285714285
GM_Peptostreptococcus_stomatis__Solobacterium_SGB6833,2,14.285714285714285
LR_Collinsella_aerofaciens__Peptostreptococcus_stomatis,2,14.285714285714285
GM_Peptostreptococcus_stomatis__Streptococcus_gallolyticus,2,14.285714285714285
LR_Anaerostipes_hadrus__Peptostreptococcus_stomatis,2,14.285714285714285
LR_Parvimonas_micra__Veillonella_atypica,2,14.285714285714285
LR_Fusobacterium_nucleatum__Slackia_isoflavoniconvertens,2,14.285714285714285
LR_Fusobacterium_nucleatum__Klebsiella_oxytoca,2,14.285714285714285
LR_Fusobacterium_nucleatum__Lactobacillus_mucosae,2,14.285714285714285
GM_Anaerostipes_hadrus__Peptostreptococcus_stomatis,2,14.285714285714285
GM_Parvimonas_micra__Prevotella_sp_885,2,14.285714285714285
LR_GGB3293_SGB4348__Parvimonas_micra,2,14.285714285714285
GM_Mogibacterium_diversum__Parvimonas_micra,2,14.285714285714285
GM_Alistipes_indistinctus__Parvimonas_micra,2,14.285714285714285
LR_Clostridium_sp_AF34_13__Parvimonas_micra,2,14.285714285714285
GM_Parvimonas_micra__Rothia_mucilaginosa,2,14.285714285714285
LR_Parvimonas_micra__Phocaeicola_coprocola,2,14.285714285714285
GM_Christensenellaceae_bacterium__Parvimonas_micra,2,14.285714285714285
LR_Clostridium_symbiosum__Peptostreptococcus_stomatis,2,14.285714285714285
LR_Enterococcus_faecium__Parvimonas_micra,2,14.285714285714285
GM_Lactobacillus_gasseri__Peptostreptococcus_stomatis,2,14.285714285714285
LR_Alistipes_putredinis__Peptostreptococcus_stomatis,2,14.285714285714285
GM_Candidatus_Saccharibacteria_unclassified_SGB19850__Peptostreptococcus_stomatis,2,14.285714285714285
GM_Lancefieldella_parvula__Peptostreptococcus_stomatis,2,14.285714285714285
LR_Collinsella_aerofaciens__Dialister_pneumosintes,2,14.285714285714285
LR_Lactobacillus_gasseri__Parvimonas_micra,2,14.285714285714285
GM_GGB38171_SGB72433__Parvimonas_micra,2,14.285714285714285
LR_Lachnospira_SGB5076__Parvimonas_micra,2,14.285714285714285
GM_Clostridium_sp_AM33_3__Parvimonas_micra,2,14.285714285714285
GM_Parvimonas_micra__Ruminococcus_gnavus,2,14.285714285714285
GM_Barnesiella_intestinihominis__Parvimonas_micra,2,14.285714285714285
LR_Peptostreptococcus_stomatis__Trueperella_pyogenes,2,14.285714285714285
GM_Clostridium_leptum__Parvimonas_micra,2,14.285714285714285
GM_Fusobacterium_nucleatum__Klebsiella_oxytoca,2,14.285714285714285
GM_Flavonifractor_plautii__Fusobacterium_nucleatum,2,14.285714285714285
LR_Clostridium_SGB4751__Fusobacterium_nucleatum,2,14.285714285714285
LR_Parvimonas_micra__Ruminococcus_bicirculans,2,14.285714285714285
LR_GGB4584_SGB6338__Parvimonas_micra,2,14.285714285714285
GM_Parvimonas_micra__Streptococcus_sanguinis,2,14.285714285714285
GM_GGB4277_SGB5832__Parvimonas_micra,2,14.285714285714285
LR_Butyricimonas_virosa__Parvimonas_micra,2,14.285714285714285
LR_Dysosmobacter_sp_NSJ_60__Parvimonas_micra,2,14.285714285714285
GM_Enterococcus_faecalis__Parvimonas_micra,2,14.285714285714285
GM_Alistipes_finegoldii__Parvimonas_micra,2,14.285714285714285
LR_Dialister_pneumosintes__Eikenella_corrodens,2,14.285714285714285
LR_Erysipelatoclostridium_ramosum__Parvimonas_micra,2,14.285714285714285
LR_Blautia_massiliensis__Parvimonas_micra,2,14.285714285714285
GM_Alistipes_ihumii__Parvimonas_micra,2,14.285714285714285
LR_Fusobacterium_nucleatum__Mogibacterium_timidum,2,14.285714285714285
GM_Anaerobutyricum_hallii__Parvimonas_micra,2,14.285714285714285
LR_Granulicatella_adiacens__Parvimonas_micra,2,14.285714285714285
GM_Butyricimonas_virosa__Parvimonas_micra,2,14.285714285714285
LR_Lachnospira_pectinoschiza__Parvimonas_micra,2,14.285714285714285
LR_Fusobacterium_nucleatum__Porphyromonas_SGB1980,2,14.285714285714285
LR_Flavonifractor_plautii__Fusobacterium_nucleatum,2,14.285714285714285
GM_Eubacterium_rectale__Parvimonas_micra,2,14.285714285714285
GM_Dysosmobacter_sp_NSJ_60__Parvimonas_micra,2,14.285714285714285
GM_Parvimonas_micra__Romboutsia_timonensis,2,14.285714285714285
GM_Parvimonas_micra__Streptococcus_sp_A12,2,14.285714285714285
GM_Parvimonas_micra__Phocaeicola_plebeius,2,14.285714285714285
GM_Haemophilus_parainfluenzae__Parvimonas_micra,2,14.285714285714285
LR_Enterococcus_gallinarum__Parvimonas_micra,2,14.285714285714285
GM_Agathobaculum_butyriciproducens__Parvimonas_micra,2,14.285714285714285
LR_Agathobaculum_butyriciproducens__Parvimonas_micra,2,14.285714285714285
LR_Bifidobacterium_dentium__Fusobacterium_nucleatum,2,14.285714285714285
GM_Fusobacterium_nucleatum__Paraprevotella_clara,2,14.285714285714285
GM_Fusobacterium_nucleatum__Streptococcus_anginosus,2,14.285714285714285
GM_Clostridium_sp_AF20_17LB__Fusobacterium_nucleatum,2,14.285714285714285
GM_Fusobacterium_nucleatum__GGB1495_SGB2071,2,14.285714285714285
GM_Catabacter_hongkongensis__Fusobacterium_nucleatum,2,14.285714285714285
GM_Actinomyces_sp_S6_Spd3__Fusobacterium_nucleatum,2,14.285714285714285
LR_Fusobacterium_nucleatum__Olsenella_sp_GAM18,2,14.285714285714285
LR_Lachnospiraceae_bacterium__Parvimonas_micra,2,14.285714285714285
LR_Clostridium_sp_AF27_2AA__Fusobacterium_nucleatum,2,14.285714285714285
LR_Escherichia_marmotae__Fusobacterium_nucleatum,1,7.142857142857142
LR_Alistipes_finegoldii__Parvimonas_micra,1,7.142857142857142
GM_Parvimonas_micra__Veillonella_rogosae,1,7.142857142857142
LR_Alistipes_indistinctus__Parvimonas_micra,1,7.142857142857142
LR_Firmicutes_bacterium_AF16_15__Parvimonas_micra,1,7.142857142857142
LR_Clostridiaceae_bacterium_OM08_6BH__Parvimonas_micra,1,7.142857142857142
GM_Peptostreptococcus_stomatis__Streptococcus_sp_263_SSPC,1,7.142857142857142
LR_Limosilactobacillus_reuteri__Parvimonas_micra,1,7.142857142857142
GM_Holdemanella_biformis__Parvimonas_micra,1,7.142857142857142
GM_Catabacter_hongkongensis__Parvimonas_micra,1,7.142857142857142
GM_Parvimonas_micra__Tyzzerella_nexilis,1,7.142857142857142
GM_Actinomyces_graevenitzii__Parvimonas_micra,1,7.142857142857142
GM_Parvimonas_micra__Veillonella_dispar,1,7.142857142857142
LR_Parvimonas_micra__Streptococcus_gallolyticus,1,7.142857142857142
LR_Lentisphaeria_bacterium__Parvimonas_micra,1,7.142857142857142
GM_GGB3293_SGB4348__Parvimonas_micra,1,7.142857142857142
GM_Peptostreptococcus_stomatis__Streptococcus_mitis,1,7.142857142857142
LR_Clostridium_sp_AF20_17LB__Parvimonas_micra,1,7.142857142857142
GM_Peptostreptococcus_stomatis__Streptococcus_sanguinis,1,7.142857142857142
GM_Bacteroides_nordii__Parvimonas_micra,1,7.142857142857142
LR_Bacteroides_eggerthii__Parvimonas_micra,1,7.142857142857142
LR_GGB9633_SGB15091__Parvimonas_micra,1,7.142857142857142
LR_Candidatus_Cibiobacter_qucibialis__Parvimonas_micra,1,7.142857142857142
LR_Dialister_pneumosintes__Peptostreptococcus_anaerobius,1,7.142857142857142
GM_Lacrimispora_amygdalina__Parvimonas_micra,1,7.142857142857142
GM_GGB1266_SGB1699__Parvimonas_micra,1,7.142857142857142
GM_Parvimonas_micra__Phocaeicola_coprocola,1,7.142857142857142
LR_Mogibacterium_timidum__Parvimonas_micra,1,7.142857142857142
LR_Oscillibacter_sp_ER4__Parvimonas_micra,1,7.142857142857142
GM_Fusobacterium_nucleatum__GGB1662_SGB2276,1,7.142857142857142
GM_Fusobacterium_nucleatum__Lachnospiraceae_bacterium_NSJ_29,1,7.142857142857142
GM_Fusobacterium_nucleatum__Phocea_massiliensis,1,7.142857142857142
LR_Clostridiaceae_bacterium_NSJ_33__Fusobacterium_nucleatum,1,7.142857142857142
LR_Candidatus_Avimicrobium_caecorum__Fusobacterium_nucleatum,1,7.142857142857142
LR_Clostridiales_Family_XIII_bacterium_WCA_MUC_591_APC_4B__Fusobacterium_nucleatum,1,7.142857142857142
LR_Fusobacterium_nucleatum__GGB9622_SGB15074,1,7.142857142857142
GM_Fusobacterium_nucleatum__GGB6547_SGB9247,1,7.142857142857142
LR_Eubacterium_ventriosum__Fusobacterium_nucleatum,1,7.142857142857142
LR_Fenollaria_massiliensis__Fusobacterium_nucleatum,1,7.142857142857142
GM_Bacteroidales_unclassified_SGB2076__Fusobacterium_nucleatum,1,7.142857142857142
GM_Fusobacterium_nucleatum__Lactobacillus_mucosae,1,7.142857142857142
GM_Fusobacterium_nucleatum__GGB58233_SGB79883,1,7.142857142857142
LR_Fusobacterium_nucleatum__Phocea_massiliensis,1,7.142857142857142
LR_Actinomyces_SGB17154__Fusobacterium_nucleatum,1,7.142857142857142
GM_Candidatus_Pararuminococcus_gallinarum__Fusobacterium_nucleatum,1,7.142857142857142
LR_Fusobacterium_nucleatum__Lachnospiraceae_bacterium_NSJ_29,1,7.142857142857142
LR_Bifidobacterium_adolescentis__Fusobacterium_nucleatum,1,7.142857142857142
GM_Fusobacterium_nucleatum__GGB3433_SGB4573,1,7.142857142857142
LR_Fusobacterium_nucleatum__Monoglobus_pectinilyticus,1,7.142857142857142
GM_Campylobacter_gracilis__Fusobacterium_nucleatum,1,7.142857142857142
LR_Clostridium_sp_AF36_4__Fusobacterium_nucleatum,1,7.142857142857142
GM_Eubacterium_ventriosum__Fusobacterium_nucleatum,1,7.142857142857142
GM_Fusobacterium_nucleatum__GGB1681_SGB2313,1,7.142857142857142
LR_Fusobacterium_nucleatum__Gordonibacter_pamelaeae,1,7.142857142857142
GM_Fenollaria_massiliensis__Fusobacterium_nucleatum,1,7.142857142857142
LR_Fusobacterium_nucleatum__Klebsiella_grimontii,1,7.142857142857142
LR_Clostridium_sp_AT4__Fusobacterium_nucleatum,1,7.142857142857142
LR_Faecalibacillus_intestinalis__Fusobacterium_nucleatum,1,7.142857142857142
LR_Fusobacterium_nucleatum__Streptococcus_thermophilus,1,7.142857142857142
GM_Fusobacterium_nucleatum__GGB9619_SGB15067,1,7.142857142857142
LR_Coprococcus_sp_AF21_14LB__Fusobacterium_nucleatum,1,7.142857142857142
GM_Aggregatibacter_segnis__Fusobacterium_nucleatum,1,7.142857142857142
LR_Fusobacterium_nucleatum__GGB9581_SGB14999,1,7.142857142857142
GM_Fusobacterium_nucleatum__Lentisphaeria_unclassified_SGB9198,1,7.142857142857142
GM_Lactobacillus_vaginalis__Peptostreptococcus_stomatis,1,7.142857142857142
GM_Peptostreptococcus_stomatis__Streptococcus_salivarius,1,7.142857142857142
LR_Blautia_wexlerae__Peptostreptococcus_stomatis,1,7.142857142857142
LR_Peptostreptococcus_stomatis__Streptococcus_salivarius,1,7.142857142857142
LR_Fusobacterium_nucleatum__GGB3433_SGB4573,1,7.142857142857142
GM_Fusobacterium_nucleatum__GGB58158_SGB79798,1,7.142857142857142
GM_Fusobacterium_nucleatum__GGB9581_SGB14999,1,7.142857142857142
LR_Fusobacterium_nucleatum__GGB4482_SGB6177,1,7.142857142857142
LR_Christensenellaceae_bacterium_NSJ_53__Fusobacterium_nucleatum,1,7.142857142857142
GM_Blautia_caecimuris__Fusobacterium_nucleatum,1,7.142857142857142
LR_Fusobacterium_nucleatum__GGB9619_SGB15067,1,7.142857142857142
LR_Fusobacterium_nucleatum__GGB4482_SGB6176,1,7.142857142857142
GM_Fusobacterium_nucleatum__Streptococcus_thermophilus,1,7.142857142857142
LR_Clostridium_paraputrificum__Fusobacterium_nucleatum,1,7.142857142857142
LR_Fusobacterium_nucleatum__GGB55957_SGB77276,1,7.142857142857142
GM_Fusobacterium_nucleatum__Limosilactobacillus_reuteri,1,7.142857142857142
GM_Fusobacterium_nucleatum__Propionibacterium_acidifaciens,1,7.142857142857142
GM_Fusobacterium_nucleatum__Streptococcus_pneumoniae,1,7.142857142857142
LR_Fusobacterium_nucleatum__Streptococcus_pneumoniae,1,7.142857142857142
LR_Faecalibacterium_prausnitzii__Peptostreptococcus_stomatis,1,7.142857142857142
GM_Bilophila_wadsworthia__Peptostreptococcus_stomatis,1,7.142857142857142
LR_Fusobacterium_nucleatum__Lachnospiraceae_bacterium_oral_taxon_096,1,7.142857142857142
LR_Clostridiales_bacterium_1_7_47FAA__Fusobacterium_nucleatum,1,7.142857142857142
LR_Fusobacterium_nucleatum__GGB6648_SGB9389,1,7.142857142857142
GM_Fusobacterium_nucleatum__Leuconostoc_mesenteroides,1,7.142857142857142
LR_Eubacterium_brachy__Fusobacterium_nucleatum,1,7.142857142857142
GM_Fusobacterium_nucleatum__GGB33432_SGB47280,1,7.142857142857142
GM_Fusobacterium_nucleatum__Porphyromonas_somerae,1,7.142857142857142
LR_Blautia_caecimuris__Fusobacterium_nucleatum,1,7.142857142857142
LR_Alloscardovia_omnicolens__Fusobacterium_nucleatum,1,7.142857142857142
LR_Anaerofilum_sp_BX8__Fusobacterium_nucleatum,1,7.142857142857142
GM_Fusobacterium_nucleatum__GGB51960_SGB72480,1,7.142857142857142
GM_Blautia_wexlerae__Peptostreptococcus_stomatis,1,7.142857142857142
LR_Lachnospira_eligens__Peptostreptococcus_stomatis,1,7.142857142857142
GM_Clostridia_bacterium__Peptostreptococcus_stomatis,1,7.142857142857142
LR_Clostridium_sp_AF34_10BH__Peptostreptococcus_stomatis,1,7.142857142857142
LR_Peptostreptococcus_stomatis__Roseburia_faecis,1,7.142857142857142
LR_Clostridia_bacterium__Peptostreptococcus_stomatis,1,7.142857142857142
GM_Lactobacillus_crispatus__Peptostreptococcus_stomatis,1,7.142857142857142
LR_Candidatus_Nanosynsacchari_sp_TM7_ANC_38_39_G1_1__Peptostreptococcus_stomatis,1,7.142857142857142
LR_Fusobacterium_nucleatum__Kytococcus_sedentarius,1,7.142857142857142
LR_Fusobacterium_nucleatum__GGB3491_SGB4665,1,7.142857142857142
LR_Fusobacterium_nucleatum__GGB58158_SGB79798,1,7.142857142857142
GM_Fusobacterium_nucleatum__Kytococcus_sedentarius,1,7.142857142857142
LR_Finegoldia_magna__Fusobacterium_nucleatum,1,7.142857142857142
LR_Clostridium_sp_CL_2__Fusobacterium_nucleatum,1,7.142857142857142
GM_Alloscardovia_omnicolens__Fusobacterium_nucleatum,1,7.142857142857142
LR_Fusobacterium_nucleatum__GGB9603_SGB15035,1,7.142857142857142
GM_Fusobacterium_nucleatum__Oscillibacter_ruminantium,1,7.142857142857142
LR_Fusobacterium_nucleatum__Oscillibacter_sp_PC13,1,7.142857142857142
GM_Clostridiales_Family_XIII_bacterium_WCA_MUC_591_APC_4B__Fusobacterium_nucleatum,1,7.142857142857142
LR_Clostridium_celatum__Fusobacterium_nucleatum,1,7.142857142857142
GM_Hungatella_hathewayi__Peptostreptococcus_stomatis,1,7.142857142857142
GM_Faecalibacterium_prausnitzii__Peptostreptococcus_stomatis,1,7.142857142857142
GM_Alistipes_ihumii__Peptostreptococcus_stomatis,1,7.142857142857142
LR_Bilophila_wadsworthia__Peptostreptococcus_stomatis,1,7.142857142857142
LR_Intestinibacter_bartlettii__Peptostreptococcus_stomatis,1,7.142857142857142
LR_Eubacterium_rectale__Peptostreptococcus_stomatis,1,7.142857142857142
LR_GGB3746_SGB5089__Peptostreptococcus_stomatis,1,7.142857142857142
LR_Actinomyces_sp_S6_Spd3__Peptostreptococcus_stomatis,1,7.142857142857142
LR_Fusobacterium_nucleatum__Raoultella_ornithinolytica,1,7.142857142857142
LR_Candidatus_Alloruminococcus_vanvlietii__Fusobacterium_nucleatum,1,7.142857142857142
GM_Fusobacterium_nucleatum__Fusobacterium_pseudoperiodonticum,1,7.142857142857142
GM_Fusobacterium_nucleatum__Peptoniphilus_harei,1,7.142857142857142
GM_Fusobacterium_nucleatum__Selenomonas_sputigena,1,7.142857142857142
LR_Fusobacterium_nucleatum__Oribacterium_sinus,1,7.142857142857142
LR_Hungatella_hathewayi__Peptostreptococcus_stomatis,1,7.142857142857142
GM_Peptostreptococcus_stomatis__Streptococcus_parasanguinis,1,7.142857142857142
GM_Megasphaera_micronuciformis__Peptostreptococcus_stomatis,1,7.142857142857142
LR_Peptostreptococcus_stomatis__Rothia_mucilaginosa,1,7.142857142857142
LR_Peptostreptococcus_stomatis__Streptococcus_parasanguinis,1,7.142857142857142
GM_Peptostreptococcus_stomatis__Roseburia_faecis,1,7.142857142857142
GM_Alistipes_shahii__Peptostreptococcus_stomatis,1,7.142857142857142
LR_Isoptericola_variabilis__Peptostreptococcus_stomatis,1,7.142857142857142
GM_Fusobacterium_nucleatum__Schaalia_turicensis,1,7.142857142857142
LR_Fusobacterium_nucleatum__Gemella_sanguinis,1,7.142857142857142
GM_Enorma_SGB14753__Fusobacterium_nucleatum,1,7.142857142857142
LR_Faecalicatena_fissicatena__Parvimonas_micra,1,7.142857142857142
GM_Parvimonas_micra__Senegalimassilia_anaerobia,1,7.142857142857142
LR_Coprococcus_eutactus__Parvimonas_micra,1,7.142857142857142
LR_Faecalibacterium_SGB15346__Peptostreptococcus_stomatis,1,7.142857142857142
GM_GGB9642_SGB15119__Peptostreptococcus_stomatis,1,7.142857142857142
LR_Lachnospira_sp_NSJ_43__Peptostreptococcus_stomatis,1,7.142857142857142
LR_Blautia_producta__Peptostreptococcus_stomatis,1,7.142857142857142
GM_Lachnospira_eligens__Peptostreptococcus_stomatis,1,7.142857142857142
LR_Blautia_obeum__Parvimonas_micra,1,7.142857142857142
GM_Butyricimonas_virosa__Peptostreptococcus_stomatis,1,7.142857142857142
LR_Parasutterella_excrementihominis__Peptostreptococcus_stomatis,1,7.142857142857142
LR_Megasphaera_micronuciformis__Peptostreptococcus_stomatis,1,7.142857142857142
GM_Intestinibacter_bartlettii__Peptostreptococcus_stomatis,1,7.142857142857142
GM_Fusobacterium_nucleatum__Peptoniphilus_lacrimalis,1,7.142857142857142
LR_Fusobacterium_nucleatum__Streptococcus_intermedius,1,7.142857142857142
LR_Fusobacterium_nucleatum__Leuconostoc_lactis,1,7.142857142857142
GM_Dialister_pneumosintes__Streptococcus_anginosus,1,7.142857142857142
LR_Anaerotruncus_colihominis__Parvimonas_micra,1,7.142857142857142
GM_Intestinimonas_butyriciproducens__Parvimonas_micra,1,7.142857142857142
LR_Alistipes_communis__Parvimonas_micra,1,7.142857142857142
LR_Clostridia_bacterium_UC5_1_1D1__Parvimonas_micra,1,7.142857142857142
LR_Fusobacterium_nucleatum__GGB9697_SGB15213,1,7.142857142857142
GM_Alloprevotella_tannerae__Fusobacterium_nucleatum,1,7.142857142857142
GM_Enterococcus_faecalis__Peptostreptococcus_stomatis,1,7.142857142857142
GM_Eubacterium_rectale__Peptostreptococcus_stomatis,1,7.142857142857142
LR_Peptostreptococcus_stomatis__Sutterella_wadsworthensis,1,7.142857142857142
LR_Peptostreptococcus_stomatis__Streptococcus_cristatus,1,7.142857142857142
GM_Clostridium_sp_AF34_10BH__Peptostreptococcus_stomatis,1,7.142857142857142
GM_Finegoldia_magna__Fusobacterium_nucleatum,1,7.142857142857142
GM_Anaerotruncus_colihominis__Parvimonas_micra,1,7.142857142857142
GM_Faecalibacterium_SGB15346__Parvimonas_micra,1,7.142857142857142
GM_Blautia_producta__Parvimonas_micra,1,7.142857142857142
LR_GGB2977_SGB3959__Parvimonas_micra,1,7.142857142857142
LR_Clostridium_phoceensis__Parvimonas_micra,1,7.142857142857142
LR_Parvimonas_micra__Veillonella_dispar,1,7.142857142857142
GM_Bacteroides_cellulosilyticus__Parvimonas_micra,1,7.142857142857142
GM_Parvimonas_micra__Trueperella_pyogenes,1,7.142857142857142
LR_Fusobacterium_nucleatum__Intestinibacter_bartlettii,1,7.142857142857142
LR_Fusobacterium_nucleatum__Megasphaera_elsdenii,1,7.142857142857142
GM_Fusobacterium_nucleatum__GGB9059_SGB13976,1,7.142857142857142
LR_Fusobacterium_nucleatum__Prevotella_copri_clade_A,1,7.142857142857142
LR_Fusobacterium_nucleatum__GGB51441_SGB71759,1,7.142857142857142
GM_Dorea_sp_AF24_7LB__Fusobacterium_nucleatum,1,7.142857142857142
GM_Bilophila_SGB15450__Fusobacterium_nucleatum,1,7.142857142857142
GM_Fusobacterium_nucleatum__GGB3303_SGB4364,1,7.142857142857142
LR_Fusobacterium_nucleatum__Rikenellaceae_unclassified_SGB2227,1,7.142857142857142
LR_Alistipes_ihumii__Parvimonas_micra,1,7.142857142857142
LR_Intestinimonas_butyriciproducens__Parvimonas_micra,1,7.142857142857142
LR_Bacteroides_uniformis__Parvimonas_micra,1,7.142857142857142
GM_Dialister_pneumosintes__Solobacterium_SGB6833,1,7.142857142857142
LR_Parabacteroides_distasonis__Parvimonas_micra,1,7.142857142857142
GM_Fusobacterium_nucleatum__Prevotella_sp_P4_51,1,7.142857142857142
GM_Clostridium_innocuum__Fusobacterium_nucleatum,1,7.142857142857142
LR_Clostridium_innocuum__Fusobacterium_nucleatum,1,7.142857142857142
GM_Fusobacterium_nucleatum__GGB9632_SGB15089,1,7.142857142857142
LR_Fusobacterium_nucleatum__GGB9632_SGB15089,1,7.142857142857142
GM_Fusobacterium_nucleatum__GGB4569_SGB6310,1,7.142857142857142
GM_Collinsella_bouchesdurhonensis__Fusobacterium_nucleatum,1,7.142857142857142
GM_Fusobacterium_nucleatum__Intestinibacter_bartlettii,1,7.142857142857142
LR_Fusobacterium_nucleatum__GGB3118_SGB4130,1,7.142857142857142
LR_Dialister_pneumosintes__Solobacterium_SGB6833,1,7.142857142857142
GM_Parvimonas_micra__Rikenellaceae_unclassified_SGB2227,1,7.142857142857142
LR_Bacteroides_cellulosilyticus__Parvimonas_micra,1,7.142857142857142
GM_Clostridium_phoceensis__Parvimonas_micra,1,7.142857142857142
GM_Dialister_pneumosintes__Granulicatella_adiacens,1,7.142857142857142
LR_Fusobacterium_nucleatum__Porphyromonas_asaccharolytica,1,7.142857142857142
LR_Fusobacterium_nucleatum__Peptostreptococcus_SGB749,1,7.142857142857142
GM_Bacteroides_uniformis__Parvimonas_micra,1,7.142857142857142
LR_Fusobacterium_nucleatum__Prevotella_sp_P4_51,1,7.142857142857142
GM_Fusobacterium_nucleatum__GGB3463_SGB4621,1,7.142857142857142
LR_Fusobacterium_nucleatum__Lachnospira_SGB5077,1,7.142857142857142
GM_Fusobacterium_nucleatum__Holdemanella_biformis,1,7.142857142857142
LR_Fusobacterium_nucleatum__GGB9559_SGB14969,1,7.142857142857142
LR_Bacteroidaceae_bacterium__Fusobacterium_nucleatum,1,7.142857142857142
LR_Fusobacterium_nucleatum__GGB9621_SGB15073,1,7.142857142857142
GM_Fusobacterium_nucleatum__Prevotella_bivia,1,7.142857142857142
LR_Fusobacterium_nucleatum__Victivallis_vadensis,1,7.142857142857142
LR_Fusobacterium_nucleatum__GGB9636_SGB15107,1,7.142857142857142
GM_Parabacteroides_distasonis__Parvimonas_micra,1,7.142857142857142
LR_Parvimonas_micra__Ruminococcus_torques,1,7.142857142857142
LR_Fusobacterium_nucleatum__Megasphaera_sp_BL7,1,7.142857142857142
GM_Fusobacterium_nucleatum__GGB9705_SGB15225,1,7.142857142857142
GM_Parvimonas_micra__Ruminococcus_torques,1,7.142857142857142
GM_Fusobacterium_nucleatum__GGB9615_SGB15053,1,7.142857142857142
LR_Fusobacterium_nucleatum__GGB9705_SGB15225,1,7.142857142857142
LR_Fusobacterium_nucleatum__Ruminococcaceae_unclassified_SGB15265,1,7.142857142857142
LR_Fusobacterium_nucleatum__GGB3278_SGB4328,1,7.142857142857142
LR_Erysipelatoclostridium_ramosum__Fusobacterium_nucleatum,1,7.142857142857142
LR_Fusobacterium_nucleatum__Limosilactobacillus_oris,1,7.142857142857142
LR_Fusobacterium_nucleatum__GGB1380_SGB1883,1,7.142857142857142
GM_Fusobacterium_nucleatum__Limosilactobacillus_oris,1,7.142857142857142
GM_Fusobacterium_nucleatum__GGB1380_SGB1883,1,7.142857142857142
GM_Fusobacterium_nucleatum__Prevotella_nigrescens,1,7.142857142857142
GM_Fusobacterium_nucleatum__Klebsiella_pneumoniae,1,7.142857142857142
LR_Clostridium_spiroforme__Fusobacterium_nucleatum,1,7.142857142857142
LR_Catenibacterium_sp_AM22_15__Fusobacterium_nucleatum,1,7.142857142857142
LR_Fusobacterium_nucleatum__TM7_phylum_sp_oral_taxon_348,1,7.142857142857142
LR_Abiotrophia_defectiva__Fusobacterium_nucleatum,1,7.142857142857142
GM_Fusobacterium_nucleatum__Slackia_exigua,1,7.142857142857142
LR_Clostridiaceae_bacterium_OM08_6BH__Fusobacterium_nucleatum,1,7.142857142857142
LR_Fusobacterium_nucleatum__Parabacteroides_goldsteinii,1,7.142857142857142
GM_Parvimonas_micra__Streptococcus_infantis,1,7.142857142857142
LR_Clostridium_perfringens__Fusobacterium_nucleatum,1,7.142857142857142
LR_Parvimonas_micra__Peptostreptococcus_anaerobius,1,7.142857142857142
LR_Gemella_morbillorum__Parvimonas_micra,1,7.142857142857142
LR_Eikenella_corrodens__Parvimonas_micra,1,7.142857142857142
LR_Campylobacter_ureolyticus__Parvimonas_micra,1,7.142857142857142
GM_Fusobacterium_nucleatum__Porphyromonas_uenonis,1,7.142857142857142
LR_Fusobacterium_nucleatum__Holdemania_massiliensis,1,7.142857142857142
GM_Faecalimonas_umbilicata__Fusobacterium_nucleatum,1,7.142857142857142
GM_Eisenbergiella_massiliensis__Fusobacterium_nucleatum,1,7.142857142857142
GM_Erysipelatoclostridium_ramosum__Fusobacterium_nucleatum,1,7.142857142857142
LR_Enterocloster_bolteae__Parvimonas_micra,1,7.142857142857142
LR_Flavonifractor_plautii__Parvimonas_micra,1,7.142857142857142
LR_Parvimonas_micra__Turicibacter_sanguinis,1,7.142857142857142
LR_Parvimonas_micra__Phocaeicola_dorei,1,7.142857142857142
GM_Methanobrevibacter_smithii__Parvimonas_micra,1,7.142857142857142
GM_Ligilactobacillus_salivarius__Peptostreptococcus_stomatis,1,7.142857142857142
LR_Lactobacillus_vaginalis__Parvimonas_micra,1,7.142857142857142
LR_Methanobrevibacter_smithii__Parvimonas_micra,1,7.142857142857142
GM_Acidaminococcus_fermentans__Parvimonas_micra,1,7.142857142857142
LR_Actinomyces_SGB17168__Parvimonas_micra,1,7.142857142857142
GM_Fusobacterium_naviforme__Peptostreptococcus_stomatis,1,7.142857142857142
GM_Fusobacterium_nucleatum__Parabacteroides_goldsteinii,1,7.142857142857142
GM_Fusobacterium_nucleatum__Roseburia_sp_AF02_12,1,7.142857142857142
GM_Bifidobacterium_pseudocatenulatum__Fusobacterium_nucleatum,1,7.142857142857142
LR_Fusobacterium_nucleatum__GGB6547_SGB9247,1,7.142857142857142
LR_Fusobacterium_nucleatum__Slackia_exigua,1,7.142857142857142
LR_Bifidobacterium_longum__Parvimonas_micra,1,7.142857142857142
LR_Clostridium_leptum__Parvimonas_micra,1,7.142857142857142
LR_Peptostreptococcus_stomatis__Streptococcus_gallolyticus,1,7.142857142857142
LR_Lactobacillus_gasseri__Peptostreptococcus_stomatis,1,7.142857142857142
LR_Lactobacillus_mucosae__Parvimonas_micra,1,7.142857142857142
GM_Enterocloster_clostridioformis__Parvimonas_micra,1,7.142857142857142
GM_Parvimonas_micra__Streptococcus_lutetiensis,1,7.142857142857142
LR_Parvimonas_micra__Phascolarctobacterium_faecium,1,7.142857142857142
GM_Limosilactobacillus_fermentum__Parvimonas_micra,1,7.142857142857142
GM_Peptostreptococcus_stomatis__Trueperella_pyogenes,1,7.142857142857142
GM_Enterocloster_bolteae__Parvimonas_micra,1,7.142857142857142
GM_Clostridium_symbiosum__Peptostreptococcus_stomatis,1,7.142857142857142
GM_Parvimonas_micra__Phocaeicola_dorei,1,7.142857142857142
GM_Granulicatella_adiacens__Parvimonas_micra,1,7.142857142857142
GM_Flavonifractor_plautii__Parvimonas_micra,1,7.142857142857142
GM_Adlercreutzia_equolifaciens__Peptostreptococcus_stomatis,1,7.142857142857142
LR_Alistipes_shahii__Parvimonas_micra,1,7.142857142857142
LR_Acidaminococcus_fermentans__Parvimonas_micra,1,7.142857142857142
GM_Candidatus_Cibiobacter_qucibialis__Parvimonas_micra,1,7.142857142857142
GM_Mogibacterium_diversum__Peptostreptococcus_stomatis,1,7.142857142857142
GM_Parvimonas_micra__Streptococcus_mitis,1,7.142857142857142
LR_Eisenbergiella_massiliensis__Parvimonas_micra,1,7.142857142857142
GM_Alistipes_shahii__Parvimonas_micra,1,7.142857142857142
GM_Peptostreptococcus_stomatis__Streptococcus_sp_A12,1,7.142857142857142
GM_Erysipelatoclostridium_ramosum__Parvimonas_micra,1,7.142857142857142
GM_Olsenella_sp_GAM18__Parvimonas_micra,1,7.142857142857142
GM_Evtepia_gabavorous__Parvimonas_micra,1,7.142857142857142
LR_Barnesiella_intestinihominis__Parvimonas_micra,1,7.142857142857142
GM_Bifidobacterium_longum__Parvimonas_micra,1,7.142857142857142
GM_GGB9633_SGB15091__Parvimonas_micra,1,7.142857142857142
LR_Lacrimispora_amygdalina__Parvimonas_micra,1,7.142857142857142
GM_Parvimonas_micra__Phascolarctobacterium_faecium,1,7.142857142857142
LR_Enterocloster_clostridioformis__Parvimonas_micra,1,7.142857142857142
GM_Lachnospira_pectinoschiza__Parvimonas_micra,1,7.142857142857142
GM_Parvimonas_micra__Veillonella_atypica,1,7.142857142857142
LR_Bacteroides_nordii__Parvimonas_micra,1,7.142857142857142
LR_GGB38171_SGB72433__Peptostreptococcus_stomatis,1,7.142857142857142
LR_GGB4603_SGB6367__Parvimonas_micra,1,7.142857142857142
LR_Lachnospiraceae_bacterium_BX3__Peptostreptococcus_stomatis,1,7.142857142857142
GM_Clostridia_unclassified_SGB4367__Parvimonas_micra,1,7.142857142857142
GM_Bacteroides_clarus__Parvimonas_micra,1,7.142857142857142
LR_Granulicatella_adiacens__Peptostreptococcus_stomatis,1,7.142857142857142
GM_Blautia_sp_AF19_10LB__Parvimonas_micra,1,7.142857142857142
GM_Blautia_massiliensis__Parvimonas_micra,1,7.142857142857142
LR_Intestinimonas_gabonensis__Parvimonas_micra,1,7.142857142857142
LR_Clostridium_sp_AM49_4BH__Peptostreptococcus_stomatis,1,7.142857142857142
LR_Coprobacter_secundus__Parvimonas_micra,1,7.142857142857142
LR_Bacteroides_clarus__Parvimonas_micra,1,7.142857142857142
LR_Bacilli_unclassified_SGB6540__Parvimonas_micra,1,7.142857142857142
GM_Clostridium_sp_AF20_17LB__Parvimonas_micra,1,7.142857142857142
GM_Parvimonas_micra__Turicibacter_sanguinis,1,7.142857142857142
LR_Clostridium_sp_AM49_4BH__Parvimonas_micra,1,7.142857142857142
LR_Clostridium_sp_AF34_13__Peptostreptococcus_stomatis,1,7.142857142857142
LR_Parvimonas_micra__Ruminococcus_lactaris,1,7.142857142857142
LR_Clostridium_sp_AF32_12BH__Parvimonas_micra,1,7.142857142857142
GM_Candidatus_Nanosynsacchari_sp_TM7_ANC_38_39_G1_1__Parvimonas_micra,1,7.142857142857142
LR_Peptostreptococcus_stomatis__Streptococcus_anginosus,1,7.142857142857142
LR_Dorea_sp_AF24_7LB__Parvimonas_micra,1,7.142857142857142
GM_Parasutterella_excrementihominis__Parvimonas_micra,1,7.142857142857142
GM_Lentisphaeria_bacterium__Parvimonas_micra,1,7.142857142857142
LR_Ligilactobacillus_salivarius__Peptostreptococcus_stomatis,1,7.142857142857142
LR_Clostridia_unclassified_SGB4367__Parvimonas_micra,1,7.142857142857142
LR_Parvimonas_micra__Tyzzerella_nexilis,1,7.142857142857142
GM_GGB38171_SGB72433__Peptostreptococcus_stomatis,1,7.142857142857142
GM_Blautia_SGB4815__Fusobacterium_nucleatum,1,7.142857142857142
GM_Fusobacterium_nucleatum__Klebsiella_michiganensis,1,7.142857142857142
GM_Fusobacterium_nucleatum__GGB781_SGB1024,1,7.142857142857142
LR_Blautia_SGB4815__Fusobacterium_nucleatum,1,7.142857142857142
LR_Fusobacterium_nucleatum__Neisseria_subflava,1,7.142857142857142
LR_Enterobacter_mori__Fusobacterium_nucleatum,1,7.142857142857142
LR_Campylobacter_gracilis__Fusobacterium_nucleatum,1,7.142857142857142
GM_Fusobacterium_nucleatum__Streptococcus_dysgalactiae,1,7.142857142857142
GM_Fusobacterium_nucleatum__Ruminococcus_lactaris,1,7.142857142857142
LR_Fusobacterium_nucleatum__Opitutales_bacterium,1,7.142857142857142
GM_Alistipes_senegalensis__Fusobacterium_nucleatum,1,7.142857142857142
LR_Fusobacterium_nucleatum__GGB1495_SGB2071,1,7.142857142857142
LR_Fusobacterium_nucleatum__Streptococcus_oralis,1,7.142857142857142
LR_Lactobacillus_crispatus__Parvimonas_micra,1,7.142857142857142
LR_Lacrimispora_celerecrescens__Parvimonas_micra,1,7.142857142857142
GM_Parvimonas_micra__Streptococcus_sp_263_SSPC,1,7.142857142857142
